"type","id","text"
"work_progress","01","今週は売上データの集計と分析を主に行いました。特に、地域別の傾向を把握するためにExcelとSQLを使ってデータを整理し、グラフ化しました。異常値の検出も進めており、昨年度と比べて販売が急増した製品をピックアップしました。来週はこれらの結果をもとに、マーケティングチームと共有し、改善策の提案を予定しています。"
"work_progress","02","今週は売上データの集計を終え、異常値の検出を進めました。新しいダッシュボードを作成し、チームに共有しました。次は顧客分析に取りかかり、顧客の購買傾向を詳しく調査する予定です。進捗は順調で、来週中に報告書を提出します。"
"work_progress","03","今週は売上データの集計を終わらせ、異常値の検出と修正を行いました。次に、新しいダッシュボードの設計を始めており、使いやすさを重視してグラフの種類やレイアウトを検討中です。来週中に上司に初期案を提出し、フィードバックをもらう予定です。並行して、顧客データのクリーニングも進めています。"
"work_progress","04","今週は販売データの分析を進めています。まず、データの欠損値を確認し、適切に補完しました。次に、主要な指標についてグラフを作成し、傾向を把握しました。現在は異常値の検出と原因分析を行っており、来週には報告書をまとめる予定です。"
"work_progress","05","今週は売上データの整理と異常値の検出に取り組みました。Pythonを使ってデータのクリーニングを行い、欠損値を補完しました。また、Excelのピボットテーブルで月別の売上傾向を分析し、報告書のグラフを作成中です。次は顧客セグメント別の分析を進め、マーケティングチームと結果を共有する予定です。"
"work_progress","06","先週、売上データの集計を完了し、異常値の検出を行いました。今週は、その結果を基にトレンド分析を進め、月次レポートにまとめています。また、新しいBIツールの導入準備も始め、データの可視化を改善する予定です。次回ミーティングまでに中間報告書を提出します。"
"work_progress","07","今週は売上データの集計を終え、異常値の確認と修正を行いました。次に、顧客の地域別分析を進めており、初期の傾向として都市部での購入率が高いことが分かりました。来週はこの結果を基に、販売促進のための具体的な施策を提案するレポートを作成する予定です。データの精度を維持しつつ、分析の深度を高めることを心がけています。"
"work_progress","08","今週は新しいデータセットの整理と前処理に集中しました。欠損値の補完と異常値の検出を行い、分析用のクリーンなデータを準備しました。次に、顧客の購買傾向を把握するために、売上データの時系列分析を開始しています。結果は順調に出ており、来週には初期レポートを提出できる予定です。問題が発生した場合は、すぐに報告します。"
"work_progress","09","今週は売上データの集計と分析を中心に行いました。まず、欠損値や異常値を確認し、データの前処理を完了しました。その後、月別の売上推移をグラフ化し、前年同期比との比較も行いました。次のステップでは、顧客属性ごとの購買傾向を深掘りし、マーケティングチームに共有する予定です。"
"work_progress","10","今週は先月の売上データを分析しました。異常値を見つけて原因を調査し、レポートにまとめました。現在、上司からのフィードバックを受けて修正作業を進めています。来週中に最終レポートを提出する予定です。新しい分析ツールも試しており、効率が向上しています。"
"work_progress","11","今週は売上データの修正と異常値のチェックを中心に作業しました。新しいダッシュボードを作成し、経営陣が迅速に状況を把握できるようにしました。明日は顧客セグメントごとの分析を進め、マーケティングチームに報告書を提出する予定です。データの正確性を保ちながら効率的に進めています。"
"work_progress","12","今週は販売データの収集と整理を完了しました。次に、異常値の検出と欠損値の補完を行い、データの品質を向上させました。現在は主要指標の分析を進めており、トレンドやパターンを抽出しています。来週までにレポートをまとめ、上司に提出する予定です。"
"work_progress","13","今週は売上データの分析を進め、新しいダッシュボードを作成しました。データの欠損値を検出し、クリーンアップも完了しています。次に、お客様の購買傾向を深掘りするために、セグメント別の売上推移を集計し、報告書にまとめる予定です。分析結果は来週の会議で共有します。"
"work_progress","14","今週はデータの収集と前処理を完了しました。次に、異常値の検出と修正を行い、データの品質を向上させています。現在は分析モデルの構築を進めており、予測精度を評価しています。来週までにレポートのドラフトを作成し、結果をチームに共有する予定です。"
"work_progress","15","今週は先月の売上データを分析し、主要なトレンドを特定しました。異常値を検出して原因を調査し、顧客セグメントごとの購買傾向をまとめました。現在は次の四半期の予測モデルを構築しており、来週までに初期結果を報告する予定です。報告書の作成も並行して進めています。"
"work_progress","16","今週は売上データの集計を完了しました。異常値の検出と修正も行い、分析の精度を高めています。来週は新しいダッシュボードの作成に取り組み、経営陣がリアルタイムで状況を把握できるようにします。また、顧客セグメント別の売上傾向も詳細に分析し、次回の会議で報告する予定です。"
"work_progress","17","今週は売上データの集計を終え、異常値の確認と修正を行いました。次に、顧客セグメントごとの傾向分析を始めており、現段階で主要なパターンをいくつか特定しました。来週はこれらの結果を基にレポートを作成し、関係部署に共有する予定です。進捗は順調で、予定通り作業が進んでいます。"
"work_progress","18","今週は売上データの集計を完了し、異常値の確認を行いました。次に、顧客セグメントごとの分析を進めており、新しいダッシュボードの作成にも着手しています。来週までに報告書の初稿をまとめ、チームにフィードバックをお願いする予定です。引き続きデータの精度向上と分析の深掘りを重点的に行います。"
"work_progress","19","今週は売上データの整理と分析を進めました。新しいダッシュボードを作成し、主要なKPIの変動を可視化しました。異常値の検出も行い、原因を調査中です。来週は分析結果をもとに改善案を提案する予定です。チームからのフィードバックを反映し、レポートの精度を高めていきます。"
"work_progress","20","今週は売上データの集計と分析を進めました。まず、各地域ごとの販売数をExcelで整理し、異常値をチェックしました。その後、トレンドを把握するためにグラフを作成し、月ごとの増減を比較しました。結果として、春のキャンペーン期間中に特定の商品が売上増加に大きく貢献していることが分かりました。来週はこの分析結果をもとに、改善案を提案する予定です。"
"data_problems","01","データを分析した結果、一部の売上データに欠損値が多く存在しています。特に、1月から3月の期間で注文数が急激に減少しているように見えますが、実際にはデータ入力のミスやシステムのエラーが原因で正確な数値が記録されていません。このままでは分析結果に誤差が生じるため、欠損データの補完や再入力が必要です。"
"data_problems","02","売上データに欠損値が多く、分析結果の信頼性が低くなっています。特に2023年の第2四半期は約20％のデータが不足しており、傾向を正確に把握できません。また、一部のデータでは入力ミスと思われる異常値が見られ、平均値や中央値に影響を与えています。これらの問題を解決するために、データ補完やクリーニングが必要です。"
"data_problems","03","データの欠損が多いため、分析結果の信頼性が低くなっています。特に、重要な変数に空白値が多く、統計モデルの精度が下がる原因となっています。また、一部のデータは異常値が含まれており、これが全体の傾向を歪めています。適切な前処理とクリーニングが必要です。"
"data_problems","04","データを分析した結果、一部の価格情報に誤りがあることが判明しました。具体的には、売上データの10％以上で価格が負の値または異常に高い値となっており、これが全体の平均値を大きく歪めています。原因は入力ミスやシステムの不具合が考えられ、修正が必要です。また、欠損データも多く、分析結果の信頼性に影響を与えています。改善策として、データの再確認とクリーニングを優先的に行うべきです。"
"data_problems","05","データを分析した結果、売上データに欠損値が多く、全体の傾向を正確に把握できません。また、一部のデータは異常に高い値が含まれており、外れ値の影響で平均値が実態よりも高く表示されています。これにより、正確な意思決定が難しくなっています。"
"data_problems","06","データの欠損値が多いため、分析結果の信頼性が低くなっています。特に売上データの30％以上が空欄であり、これらを無視すると偏った結論になる可能性があります。また、一部の記録に重複が見られ、一貫性が損なわれています。これらの問題を解決するために、欠損値の補完や重複データの削除を行うことが必要です。"
"data_problems","07","収集したデータには欠損値が多く、分析結果に影響を与えています。特に、売上データの30％が入力されておらず、これが平均値の計算を不正確にしています。さらに、一部のデータは異常に高い値が含まれているため、外れ値の処理も必要です。このままでは正しい結論を出せないため、データのクリーニングが必要です。"
"data_problems","08","売上データに欠損値が多く、分析結果の信頼性が低くなっています。特に2023年の3月と4月のデータがほとんど入力されておらず、季節変動の傾向を正確に把握できません。また、一部の数値に入力ミスがあり、異常に高い値が含まれています。このまま分析を進めると誤った結論を導く可能性があるため、データのクリーニングが必要です。"
"data_problems","09","データを分析したところ、一部の数値に欠損値が多く含まれていることが分かりました。特に売上データの3月と4月の記録が不完全であり、このままでは正確なトレンド分析が難しいです。また、重複データも複数存在し、集計結果に影響を与える可能性があります。データのクリーニングと補完が必要です。"
"data_problems","10","売上データに欠損値が多く、分析結果の信頼性が低くなっています。特に2023年3月と4月のデータが不完全で、一部の店舗の売上情報が記録されていません。このままでは、正確な売上傾向や問題点を把握することが難しいため、データの補完や再収集が必要です。"
"data_problems","11","データを確認したところ、売上データに欠損値が多く存在します。特に、2023年3月から5月の期間で販売数量の記録が不完全であり、分析結果に誤差が生じる可能性があります。また、一部の商品の価格情報が重複して登録されているため、集計の際に正確な平均価格が算出できません。これらの問題を解決しないと、正しい販売傾向の把握が難しいです。"
"data_problems","12","データの欠損が多いため、正確な分析が難しくなっています。特に売上データの一部で空白が目立ち、平均値の計算に影響を及ぼしています。また、一部のデータが異常に高い数値を示しており、外れ値として除外する必要があります。これらの問題を解決しないと、結論が誤解を招く可能性があります。"
"data_problems","13","データの欠損値が多いため、分析結果に偏りが生じています。特に重要な項目である顧客の年齢情報が30％以上欠けており、このままでは正確な顧客層の把握が難しいです。また、一部のデータには入力ミスや異常値が含まれているため、クリーニング作業が必要です。これらの問題を解決しないと、モデルの予測精度が低下するリスクがあります。"
"data_problems","14","データに欠損値が多く含まれているため、分析結果の信頼性が低下しています。特に、売上データの30％以上が未入力であり、これが平均値や傾向の計算に悪影響を及ぼしています。さらに、一部の数値に入力ミスが見られ、異常に高い値や負の値が存在します。このままでは正確な意思決定が難しいため、データのクリーニングと補完が必要です。"
"data_problems","15","データを分析した結果、売上データに重複が多く含まれていることが分かりました。同じ取引が複数回記録されているため、総売上額が実際より過大に計算されています。また、一部のデータに欠損値があり、特定の期間の分析が不正確になる可能性があります。これらの問題を修正しないと、信頼できる結論を導くことは難しいです。"
"data_problems","16","売上データに欠損値が多く、分析結果に影響を与えています。特に、2023年5月から7月の期間で取引情報が部分的に記録されておらず、全体の傾向を正確に把握できません。また、一部のデータは重複しており、同じ取引が複数回カウントされる可能性があります。これらの問題を解決するために、データのクリーニングと欠損値の補完が必要です。"
"data_problems","17","データを分析した結果、売上データに欠損値が多く存在していることが判明しました。特に、1月から3月の期間において、取引情報の一部が欠落しているため、正確な売上推移を把握することができません。この問題が原因で、売上予測モデルの精度が低下し、意思決定に誤差が生じる可能性があります。データの補完や再収集が必要です。"
"data_problems","18","データには欠損値が多く含まれており、特に2023年の4月から6月にかけての情報が不足しています。また、一部の項目で異常に高い値が見られ、これが平均値を大きく歪めています。さらに、データのフォーマットが統一されておらず、分析結果の信頼性が低下しています。これらの問題が解決されないと、正確な傾向分析や予測が困難になります。"
"data_problems","19","データには欠損値が多く含まれているため、分析結果の信頼性が低下しています。特に売上データの一部が未入力であり、期間ごとの比較が正確にできません。また、一部の数値に異常値が見られ、平均値や中央値が実態を反映していない可能性があります。これらの問題を解決するために、欠損値の補完や異常値の除外が必要です。"
"data_problems","20","データを分析した結果、売上データに欠損値が多く含まれていることが判明しました。特に、1月から3月までの期間で注文数の記録が不完全であり、正確な売上推移を把握することが困難です。このままでは、誤った結論を導くリスクが高いため、データの補完や再収集が必要です。"
"data_insights","01","売上データを分析した結果、週末の購入数が平日より25％多いことが分かりました。特に、20代から30代の顧客が最も多く購入しており、スマートフォンからのアクセスが全体の60％を占めています。また、プロモーション期間中は平均購入単価が15％上昇し、新商品の需要が高まっていることが確認できました。これらの結果を踏まえ、週末の広告強化とモバイル向けのキャンペーンを推奨します。"
"data_insights","02","売上データを分析した結果、主に三つの傾向が見られました。第一に、20代から30代の顧客が全体の売上の約60％を占めており、この層へのマーケティング強化が効果的です。第二に、週末の購入率が平日より30％高く、キャンペーンを週末に集中させることで売上増加が期待できます。最後に、地域別では都市部の売上が地方より25％多いため、地域別戦略の見直しが必要です。"
"data_insights","03","売上データを分析した結果、季節ごとに需要の変動が明らかになりました。特に夏季にはアイスクリームの売上が前年比20％増加し、冬季は暖房器具の売上が30％上昇しています。また、オンライン販売チャネルの成長率が全体の15％を占めており、今後の重点投資対象であると考えられます。地域別では都市部の購入頻度が高く、地方では価格が購買意欲に影響を与えていることが分かりました。これらの結果から、季節別と地域別のマーケティング戦略を最適化する必要があります。"
"data_insights","04","売上データを分析した結果、春から夏にかけて商品の需要が20％増加していることが分かりました。また、オンライン販売が全体の売上の60％を占めており、特にスマートフォンからの購入が多いです。地域別では、都市部での売上が郊外よりも30％高く、プロモーション効果が顕著に現れています。これらの情報を基に、マーケティング戦略を季節と地域に合わせて最適化することが重要です。"
"data_insights","05","売上データを分析したところ、春から夏にかけて商品の購入数が20％増加しました。また、20代から30代の顧客が全体の60％を占めており、特にオンライン経由の購入が多いことが分かりました。地域別では都市部での売上が最も高く、地方ではプロモーションの効果が限定的でした。これらの結果から、若年層向けのデジタルマーケティングを強化し、地方向けのキャンペーン内容を見直す必要があります。"
"data_insights","06","売上データを分析した結果、3月と4月に購入者数が大幅に増加していることが分かりました。特に、20～30歳の女性層が全体の40％を占めており、新商品の影響が大きいと考えられます。また、平日の午後3時から5時にかけての購入が多く、キャンペーンの効果が高い時間帯が特定できました。これらの情報を基に、ターゲット広告や販促活動の時間帯を最適化することが効果的です。"
"data_insights","07","売上データを分析した結果、平日の午後2時から4時に購入数が最も多いことが分かりました。また、30代から40代の男性が全体の40％を占めており、この層へのマーケティング強化が効果的と考えられます。さらに、地域別では都市部の売上が地方部より20％高く、配送サービスの改善が売上アップにつながる可能性があります。"
"data_insights","08","売上データの分析から、季節ごとに需要が大きく変動することが分かりました。特に夏と冬に売上が約20%増加し、プロモーション期間中の効果も顕著です。また、地域別では都市部での購入率が高く、年齢層では30～40代が最も多く商品を購入しています。これらの結果を基に、ターゲット広告や在庫管理の最適化が必要です。"
"data_insights","09","売上データを分析した結果、3月と4月に購買数が大幅に増加していることが分かりました。特に週末の売上が平日より25％高く、キャンペーン期間中の新規顧客数も15％増加しました。一方、30代の男性顧客のリピート率が低いため、対象商品の改善が必要です。地域別では関東エリアの売上が全体の40％を占めており、プロモーション強化によるさらなる拡大が期待できます。"
"data_insights","10","売上データを見ると、1月から3月にかけて売上が20％増加しています。特に地域別では、関東エリアが最も成長しており、約30％の伸びを示しました。一方、関西エリアは横ばいで、商品の中では新商品Aの売上が全体の40％を占めています。この結果から、新商品Aのマーケティング強化と関東エリアでの販売活動に注力することが効果的と考えられます。"
"data_insights","11","売上データを分析した結果、顧客の購入頻度は週に2回が最も多く、特に30代から40代の女性で顕著でした。また、週末の売上が平日より20％高く、特売日の影響が大きいことが分かりました。これにより、ターゲット層に向けた週末プロモーションを強化することで、売上のさらなる向上が期待できます。"
"data_insights","12","売上データを分析した結果、特定の時間帯で購入数が大幅に増加していることが分かりました。特に午後6時から午後9時までの間に売上が最も高く、プロモーション効果が顕著に現れています。また、地域別では都市部での売上が地方よりも約30％多く、若年層の購買活動が活発です。これらの結果から、夜間の広告強化と都市部をターゲットにしたマーケティング施策が有効と考えられます。"
"data_insights","13","売上データを分析した結果、月別では12月が最も高く、全体の売上の30％を占めています。年齢別では、25～34歳の顧客が最も購入頻度が高く、この層に向けたマーケティングが効果的と考えられます。また、地域別では都市部の売上が地方より20％上回っており、都市部での広告投資を増やすことが推奨されます。これらのデータを基に戦略を調整することで、売上のさらなる向上が期待できます。"
"data_insights","14","売上データを分析した結果、商品の購入頻度は20～30代の女性が最も高く、全体の40％を占めています。特に週末に購入が集中しており、割引キャンペーン期間中の売上が通常時の1.5倍に増加しました。また、モバイルからのアクセスが全体の60％以上で、スマートフォン最適化が必要だと考えられます。これらの結果から、ターゲット層に向けた週末の割引キャンペーンとモバイル対応の強化が効果的と判断できます。"
"data_insights","15","売上データを分析した結果、休日の購買件数が平日に比べて約30%高いことが分かりました。また、20代から30代の顧客が全体の売上の50%以上を占めており、この層に向けたプロモーションが効果的と考えられます。さらに、オンライン販売が前年比で25%増加しているため、デジタル広告の強化が売上拡大に寄与すると予測されます。"
"data_insights","16","売上データを分析した結果、商品の購入頻度は20〜30代の顧客が最も高く、特に女性の購買率が全体の45％を占めています。平日は午後2時から5時にかけて注文が増え、週末は午前中にピークを迎えます。地域別では首都圏の売上が全体の60％を占めており、新商品の売上は初月で予想の15％を上回りました。これらの結果から、ターゲット層の購買行動に合わせたマーケティング戦略が有効と考えられます。"
"data_insights","17","売上データを分析した結果、月ごとの売上は夏季に最も高く、特に7月と8月で全体の約35％を占めていることが分かりました。また、顧客の年齢層では25～34歳が最も多く、この層向けのプロモーションが効果的であると考えられます。オンライン販売が全体の60％を占めており、特にスマートフォン経由の購入が増加傾向にあります。これらの結果から、夏季のキャンペーン強化とスマホ対応の強化が売上増加に寄与すると予測されます。"
"data_insights","18","売上データを分析した結果、4月から6月にかけて販売数が20％増加しました。特に、30代の女性顧客が最も多く購入しており、新商品の人気が影響しています。また、オンライン販売の割合が全体の60％を占めているため、デジタルマーケティングの強化が効果的と考えられます。一方で、一部の地域では売上が低迷しているため、地域別のプロモーションが必要です。"
"data_insights","19","売上データを分析した結果、週末に購入数が約30％増加する傾向が明らかになりました。また、30〜40代の顧客が最も多くリピート購入しており、特にオンラインチャネルでの利用が顕著です。地域別では都市部での売上が地方より20％高く、プロモーション実施後に新規顧客数が15％増加しました。これらの結果から、週末のキャンペーン強化とオンライン広告の最適化が売上向上に効果的と考えられます。"
"data_insights","20","売上データを分析した結果、季節ごとに需要が大きく変動することが分かりました。特に夏と冬に売上がピークを迎え、夏は冷却製品が、冬は暖房製品が売上を牽引しています。また、オンライン販売チャネルの成長率は前年比で20％増加しており、今後の販売戦略において重点を置くべきです。地域別では都市部での売上が最も高く、ターゲットマーケティングによる効果が期待できます。"
"graph_descript","01","このグラフは、2020年から2023年までの売上の推移を示しています。売上は2020年に約500万円で、2021年に600万円に増加しましたが、2022年に一時的に550万円に減少しました。2023年は再び700万円まで上昇しています。この変動は市場の需要や競合状況の影響と考えられます。"
"graph_descript","02","このグラフは、過去一年間の売上高の変化を示しています。横軸は月を表し、縦軸は売上額（千円）です。1月から3月にかけて売上が徐々に増加し、4月に最高値の500千円に達しました。その後、5月から7月にかけて売上が減少し、最も低い350千円となっています。8月以降は再び売上が上昇し、12月には450千円に戻っています。この傾向から、季節やキャンペーンが売上に影響を与えていると考えられます。"
"graph_descript","03","このグラフは、2020年から2023年までの売上高の推移を示しています。2020年は売上が約500万円で安定していましたが、2021年に入ると約10％増加し、550万円に達しました。2022年はさらに成長し、売上が650万円に増加しています。2023年には新商品の効果で売上が急上昇し、800万円を超えました。このデータから、会社の売上は毎年着実に増加していることが分かります。"
"graph_descript","04","このグラフは、2020年から2023年までの月別売上高を示しています。青い線は売上の増加傾向を表しており、特に2021年の夏に大きな伸びがあります。赤い棒グラフは広告費用で、売上とほぼ同時に増加しています。これは広告投資が売上向上に寄与している可能性を示しています。12月は毎年売上がピークに達しており、季節的な要因も重要であると考えられます。"
"graph_descript","05","このグラフは、2019年から2023年までの月別売上高を示しています。青い線は売上高の増減を表し、夏季の6月から8月にかけて売上が毎年増加していることが分かります。特に2021年の7月は前年より20%高く、キャンペーンの効果が見られます。一方、冬季は売上が低下し、12月が最も低い月となっています。全体的に売上は年々緩やかに上昇しています。"
"graph_descript","06","このグラフは、2020年から2023年までの月別売上高の変化を示しています。青い線は売上高の推移を表し、夏季に売上が増加する傾向が見られます。特に2022年の7月と8月は前年より約20％高く、キャンペーンの効果が出ていると考えられます。一方、冬季は売上が低下しやすいことがグラフから読み取れます。今後は夏場の需要に合わせた在庫管理が重要です。"
"graph_descript","07","このグラフは、2022年の月別売上高を示しています。1月から3月までは徐々に売上が増加し、特に3月にピークを迎えています。その後、4月から6月にかけて売上が少し減少していますが、夏のボーナス時期である7月に再び上昇しています。全体的に見ると、季節やキャンペーンの影響で売上に波があることが分かります。"
"graph_descript","08","このグラフは、2020年から2023年までの売上の変化を示しています。青い線は月ごとの売上高を表し、毎年12月にピークがあることが分かります。特に2022年の12月は前年比で15%増加しています。全体的に見ると、売上は季節的なパターンに従っており、夏の期間は比較的低い傾向があります。これにより、販促活動は秋から冬にかけて集中させるのが効果的だと考えられます。"
"graph_descript","09","このグラフは、2020年から2023年までの売上高の推移を示しています。青い線は毎月の売上高を表し、赤い点線は1年間の平均売上を示しています。2021年には売上が一時的に減少しましたが、2022年から2023年にかけて徐々に回復し、最終的に過去最高値に達しています。この増加は、新商品の発売と販促活動の効果と考えられます。"
"graph_descript","10","グラフを見ると、2020年から2023年までの売上が毎年増加していることが分かります。特に2022年から2023年の間に売上が大幅に伸びており、前年比で約15％の成長率です。また、季節ごとの売上を見ると、第三四半期が最も高く、これは夏のキャンペーンが効果的だったと考えられます。一方、第一四半期は他の期間に比べて低いため、今後の戦略改善が必要です。"
"graph_descript","11","このグラフは、2020年から2023年までの売上高の推移を示しています。2020年は売上が500万円で、2021年に600万円に増加しました。2022年は一時的に550万円に減少しましたが、2023年には700万円まで回復しています。全体として、売上は緩やかな上昇傾向にありますが、2022年の減少は市場の変動が影響していると考えられます。"
"graph_descript","12","このグラフは、2020年から2023年までの売上高の月別推移を示しています。青い線は各月の売上額を表し、夏季に売上が増加していることが分かります。特に7月と8月は他の月より10％以上高く、季節要因の影響が大きいと考えられます。2022年と比べて2023年は全体的に売上が5％増加しており、販売戦略の効果が出ていると推測されます。"
"graph_descript","13","このグラフは、2020年から2023年までの売上高の推移を示しています。青い線は各年の総売上高を表し、2021年にわずかに減少しましたが、2022年から再び増加しています。赤い棒グラフは四半期ごとの売上高を示しており、第4四半期が最も高い売上を記録しています。このデータから、季節的な影響と年度ごとの成長傾向が読み取れます。"
"graph_descript","14","このグラフは、2020年から2023年までの売上高の推移を示しています。青い線は毎年の売上高を表し、2021年に大きく増加していることが分かります。特に、2022年の第2四半期では最高値を記録し、その後少し減少していますが、全体的には安定した成長傾向にあります。赤い棒グラフは利益率を示し、売上高の増加に伴い、利益率も徐々に改善していることが見て取れます。"
"graph_descript","15","このグラフは、2020年から2023年までの月別売上高を示しています。売上は2021年の第2四半期に大きく増加し、特に6月が最も高い数値を記録しています。その後、2022年は全体的に安定しており、季節的な変動が見られます。最後に、2023年の初めには売上が再び上昇傾向にあります。これは新商品の発売が影響していると考えられます。"
"graph_descript","16","このグラフは、過去一年間の売上高の月別変動を示しています。横軸は月、縦軸は売上高（万円）です。四月と五月に売上が最も高く、特に五月は前年比で20％増加しています。一方、十二月は最も売上が低く、販売促進の強化が必要だと考えられます。全体的に見ると、第二四半期に売上が集中している傾向があります。"
"graph_descript","17","このグラフは、2020年から2023年までの月ごとの売上高を示しています。青い線は売上の増減を表し、夏と冬にピークが見られます。特に2022年の12月に最も高い売上があり、前年同期より約15%増加しました。春と秋には売上が比較的安定していることが分かります。この傾向は季節商品の販売影響が大きいと考えられます。"
"graph_descript","18","このグラフは、2020年から2023年までの売上の推移を示しています。2020年は売上が約500万円で、2021年に600万円に増加しました。2022年には700万円に達し、前年比で約16％の成長です。しかし、2023年には680万円にわずかに減少しています。この減少は主に市場の競争激化と原材料価格の上昇が原因と考えられます。全体として、売上は増加傾向にありますが、今後の対策が必要です。"
"graph_descript","19","このグラフは過去五年間の売上高の推移を示しています。青い線は各年の総売上額を表し、2019年から2021年にかけて緩やかに増加していますが、2022年に少し減少しています。赤い棒グラフは利益率を示しており、2020年から2022年まで上昇傾向にあります。これらのデータから、売上は一時的に落ちたものの、利益率の改善により経営効率が向上していると考えられます。"
"graph_descript","20","このグラフは、２０１８年から２０２２年までの売上高の変化を示しています。青い線は総売上高を表し、年々増加していることが分かります。特に２０２０年から２０２１年にかけて急激な上昇があり、その後も安定した成長が続いています。赤い棒グラフは各年の利益率で、売上の増加に伴い利益率も徐々に上がっている傾向が見られます。これらのデータから、会社の経営状況が改善していると判断できます。"
"graph_descriptB","01","このグラフは、2020年から2023年までの月別売上高の変化を示しています。青い線は売上高の推移を表し、夏と年末にピークが見られます。特に2022年12月は過去最高の売上を記録しており、キャンペーンの効果が反映されています。一方、2021年の春は売上が低迷しており、市場の影響が考えられます。このデータから、季節の影響とプロモーション活動が売上に大きく関わっていることが分かります。"
"graph_descriptB","02","このグラフは、2020年から2023年までの売上の増減を示しています。縦軸は売上高（万円）、横軸は各年を表しています。2020年から2021年にかけて売上が約20％増加し、2022年には一時的に減少しましたが、2023年には再び上昇しています。この変動は、新製品の発売と市場の需要変化が影響していると考えられます。全体的に見ると、売上は右肩上がりの傾向にあります。"
"graph_descriptB","03","このグラフは、2022年から2024年までの各月の売上高を示しています。青い線は売上の変動を表しており、夏季の7月と8月にピークが見られます。その後、9月から12月にかけて売上が徐々に減少しています。特に2023年の12月は前年同月と比べて約20％減少しているため、季節的要因以外の影響も考えられます。今後の対策として、冬季の販売促進が必要と判断されます。"
"graph_descriptB","04","このグラフは、2022年から2024年までの月別売上高の推移を示しています。青い線は売上高の増加を表しており、特に2023年の夏に大きなピークがあります。一方、赤い線は前年と比較した成長率で、2023年初めにマイナス傾向が見られたものの、後半は安定してプラスに転じています。このことから、夏季のキャンペーンが売上の大幅な改善に寄与したと考えられます。"
"graph_descriptB","05","このグラフは過去五年間の売上高の推移を示しています。2019年から2021年まで売上高は緩やかに増加し、特に2020年は前年比で10％の成長が見られます。しかし、2022年にはわずかに減少し、2023年は再び回復傾向にあります。この変動は主に市場の需要変化と新製品の影響によるものと考えられます。今後もトレンドを注視しながら分析を続ける必要があります。"
"graph_descriptB","06","このグラフは、2020年から2023年までの売上高の推移を示しています。青い線は月ごとの売上額を表し、赤い棒グラフは各年の平均売上を示しています。2021年には売上が一時的に減少しましたが、その後2022年から2023年にかけて安定的に増加しています。特に2023年の第2四半期は、過去最高の売上を記録しており、マーケティング施策の効果が現れていると考えられます。"
"graph_descriptB","07","このグラフは、2020年から2023年までの月別売上高の変化を示しています。売上は2020年初めに低下しましたが、2021年から徐々に回復し、2022年の夏に最も高いピークを迎えました。その後、2023年に入ってからは安定した傾向が続いています。特に季節による変動が見られ、年末に売上が増加するパターンが確認できます。"
"graph_descriptB","08","このグラフは、2020年から2023年までの売上の変化を示しています。青い線は月ごとの売上額を表しており、2021年の夏に大きなピークが見られます。この時期は新製品の発売と重なり、売上が約20％増加しました。しかし、その後は徐々に減少し、2022年末には元の水準に戻りました。全体として、季節と企画によって売上が大きく影響されていることが分かります。"
"graph_descriptB","09","このグラフは、2020年から2024年までの売上高の推移を示しています。2020年は500万円で、2021年に600万円に増加しました。2022年は一時的に減少して550万円でしたが、2023年には700万円まで回復しています。2024年はさらに800万円に達し、全体的に増加傾向にあることが分かります。特に2022年の減少は外部要因が影響していると考えられます。"
"graph_descriptB","10","このグラフは2019年から2023年までの売上の変化を示しています。青い線は総売上を表し、年々増加しています。特に2021年から2022年にかけて急激な伸びが見られ、前年比で約15％の増加となりました。一方、赤い棒グラフは広告費を示しており、売上の増加に比例して広告費も増えています。これにより、広告投資が売上拡大に寄与していると考えられます。"
"graph_descriptB","11","このグラフは、2020年から2023年までの売上の変化を示しています。青い線は月ごとの売上額で、2021年の夏に大きく増加しています。一方、赤い線は前年同月比の成長率で、2022年初めに一時的に下がりましたが、その後安定しています。全体的に見ると、売上は年々増加傾向にあります。"
"graph_descriptB","12","このグラフは、2020年から2023年までの月別売上高の推移を示しています。売上は2020年初めに低く、年末にかけて徐々に増加しています。2021年の夏に一時的な減少がありますが、その後再び増加し、2022年から2023年にかけては安定した上昇傾向が見られます。この傾向から、季節要因や市場の回復が売上に影響を与えていると考えられます。"
"graph_descriptB","13","このグラフは2020年から2023年までの売上の変化を示しています。2020年は売上が500万円で、2021年に600万円に増加しました。しかし、2022年には市場の影響で売上が550万円に減少しています。2023年は新しい戦略の効果で再び700万円に上昇しており、全体的に見ると増加傾向が続いています。"
"graph_descriptB","14","このグラフは、2020年から2023年までの月別売上高を示しています。青い線は売上高の推移を表し、夏の6月から8月にかけて売上が毎年増加していることが分かります。一方、冬の12月から2月は売上がやや低下しています。特に2022年の7月に最高値を記録しており、この期間のキャンペーンが売上に大きく影響したと考えられます。全体的に売上は年々増加傾向にあります。"
"graph_descriptB","15","このグラフは、2020年から2023年までの売上の推移を示しています。青い線は毎年の売上額を表し、2021年に大きく増加しているのが分かります。特に、2022年は安定して高い数値を維持しており、前年より約15％の成長が見られます。これは新商品の発売が影響したと考えられます。一方、2023年はわずかに減少していますが、全体としては過去3年間で売上が向上している傾向にあります。"
"graph_descriptB","16","このグラフは、2020年から2023年までの売上高の推移を示しています。青い線は月ごとの売上額で、季節による変動が見られます。特に12月は他の月より売上が大きく、年末セールの影響が考えられます。全体として、売上は毎年少しずつ増加しており、2023年は前年と比べて約10％伸びています。"
"graph_descriptB","17","このグラフは、2020年から2023年までの売上高の推移を示しています。2021年に売上が急増し、特に第3四半期で大きな伸びが見られます。2022年は一時的に減少しましたが、2023年に再び安定して上昇しています。全体として、売上は長期的に成長傾向にあります。"
"graph_descriptB","18","このグラフは、2020年から2023年までの月別売上高を示しています。売上は2020年初めに低く、6月から徐々に増加し、2021年の夏にピークを迎えました。その後、2022年はやや減少しましたが、2023年には再び安定した上昇傾向が見られます。特に11月と12月の売上が高く、季節的な影響があると考えられます。"
"graph_descriptB","19","このグラフは、2020年から2023年までの月別売上高を示しています。売上は2021年の夏にピークに達し、その後徐々に減少しています。特に冬の期間は売上が低く、季節変動の影響が見られます。この傾向から、夏の商品プロモーションが効果的であると考えられます。"
"graph_descriptB","20","このグラフは、2020年から2023年までの売上高の推移を示しています。2020年は売上が低く、約500万円でしたが、2021年に急増して700万円になりました。2022年はさらに上昇し、900万円に達しました。しかし、2023年には少し減少し、850万円となっています。この傾向から、全体的には売上が増加しているものの、2023年は一時的な減少が見られます。"
"data_pipeline","01","まず、PythonのPandasライブラリを使ってCSVファイルからデータを取得しました。次に、欠損値や異常値を確認し、平均値や中央値で補完しました。その後、データの型を統一し、必要な列だけを抽出しました。最後に、Scikit-learnを用いて回帰分析を行い、結果を可視化しました。"
"data_pipeline","02","データは社内データベースからSQLクエリを使って取得しました。取得後、PythonのPandasライブラリで欠損値を確認し、平均値で補完しました。異常値は箱ひげ図を使って検出し、手動で修正しました。次に、データを正規化してスケーリングし、機械学習モデルの入力として準備しました。最後に、相関分析と回帰分析を行い、重要な要因を特定しました。"
"data_pipeline","03","データは社内の販売システムから直接取得しました。まず、欠損値や異常値を確認し、欠損値は平均値で補完、異常値は分類から除外しました。次に、データの正規化を行い、スケールを統一しました。その後、PythonのPandasとNumPyを使って集計し、売上の傾向を分析しました。最後に、結果を可視化するためにMatplotlibでグラフを作成しました。"
"data_pipeline","04","データは社内の販売管理システムからSQLを使って取得しました。欠損値は中央値で補完し、外れ値は箱ひげ図を用いて検出して除外しました。データの正規化とカテゴリ変数のワンホットエンコーディングを行い、回帰分析に適した形式に整えました。最後にPythonのPandasとScikit-learnを使ってモデルを構築し、交差検証で精度を評価しました。"
"data_pipeline","05","データは社内の売上管理システムから取得しました。欠損値は平均値で補完し、外れ値はボックスプロットを使って検出・除外しました。PythonのPandasライブラリを用いてデータの加工を行い、必要な指標を計算しました。最後に、回帰分析を実施して売上に影響を与える要因を特定しました。"
"data_pipeline","06","データを取得するために、APIから日次データを自動で収集しました。次に、欠損値や異常値を検出し、適切な方法で補完と除去を行いました。データの前処理では、正規化とカテゴリ変数のエンコーディングを実施し、分析に適した形式に整えました。最後に、回帰分析とクラスタリングを用いてデータの傾向とパターンを明らかにしました。"
"data_pipeline","07","収集したデータは社内システムと外部APIから取得しました。まず、欠損値や異常値をPythonのPandasライブラリで検出し、補完や削除を行いました。次に、正規化とスケーリングを適用してデータのばらつきを統一しました。分析には主に回帰分析とクラスタリング手法を用い、結果の可視化はMatplotlibとSeabornで実施しました。最後に、モデルの精度を交差検証で評価し、レポートにまとめました。"
"data_pipeline","08","データは社内の売上管理システムからSQLを使って取得しました。取得後、PythonのPandasライブラリで欠損値を確認し、平均値で補完しました。その後、重複データを削除し、異常値は箱ひげ図を使って検出し除外しました。最終的に、相関分析と回帰分析を行い、売上に影響を与える要因を特定しました。結果はExcelとTableauで可視化し、レポートにまとめました。"
"data_pipeline","09","データは社内の販売管理システムから抽出し、Excelで重複や欠損値を確認・修正しました。PythonのPandasライブラリを使ってデータを整形し、不要な列を削除しました。その後、統計解析のためにSQLで集計を行い、異常値の検出には箱ひげ図を用いました。最後に、可視化ツールで売上の傾向をグラフ化し、分かりやすく分析結果をまとめました。"
"data_pipeline","10","まず、ウェブスクレイピングを使って必要なデータを収集しました。次に、PythonのPandasライブラリで欠損値を確認し、平均値で補完しました。その後、重複データを削除し、カテゴリデータはOne-Hotエンコーディングを行いました。最後に、機械学習モデルのためにデータを正規化し、相関分析で重要な変数を特定しました。"
"data_pipeline","11","まず、ウェブサイトからPythonのスクレイピングツールを使ってデータを取得しました。次に、Pandasライブラリを用いて欠損値や異常値を検出し、適切に補完または削除しました。その後、データの正規化と変数のスケーリングを行い、分析に適した形式に整えました。最後に、回帰分析とクラスタリングを実施し、傾向とパターンを明らかにしました。"
"data_pipeline","12","データは社内データベースからSQLクエリを使って取得しました。まず、欠損値や異常値を確認し、欠損値は平均値で補完し、異常値は除外しました。その後、PythonのPandasライブラリでデータを整形し、必要な項目だけを抽出しました。分析には統計的手法として回帰分析を用い、結果の信頼性を確認するためにクロスバリデーションを実施しました。これにより、データの正確さと分析の妥当性を確保しました。"
"data_pipeline","13","データはまず社内データベースからSQLクエリを使って抽出しました。取得後、欠損値と異常値を確認し、欠損値は平均値で補完、異常値は外れ値として除外しました。次に、PythonのPandasライブラリでデータを整理し、必要な変数の抽出や新しい指標の作成を行いました。最後に、統計分析と機械学習モデルを用いてパターンを分析し、結果を可視化ツールで報告書にまとめました。"
"data_pipeline","14","データは社内の販売システムからCSV形式で取得しました。不足している値は平均値で補完し、異常値は箱ひげ図を使って検出・除外しました。PythonのPandasライブラリでデータを整形し、グループごとの集計や時系列分析を行いました。また、Matplotlibで可視化し、結果を分かりやすく示しました。"
"data_pipeline","15","データは社内の販売管理システムからSQLを使って取得しました。取得後、PythonのPandasライブラリで欠損値を確認し、平均値で補完しました。異常値は箱ひげ図を用いて特定し、手動で修正しました。データの正規化を行い、分析に適した形式に整えました。最後に、可視化にはMatplotlibを使い、売上の傾向をグラフで示しました。"
"data_pipeline","16","データは社内の販売システムからSQLクエリを使って取得しました。取得後、PythonのPandasライブラリで欠損値を確認し、平均値で補完しました。次に、異常値を箱ひげ図で検出し、外れ値は除外しました。その後、データを正規化し、相関分析を行って重要な変数を選定しました。最後に、機械学習モデルを使って売上予測を実施しました。"
"data_pipeline","17","データは社内の販売管理システムからSQLクエリを使って抽出しました。次に、PythonのPandasライブラリで欠損値を確認し、平均値で補完しました。重複データはdrop_duplicates関数で削除し、異常値は箱ひげ図を使って検出しました。最後に、Excelでピボットテーブルを作成し、販売月別の売上傾向を分析しました。"
"data_pipeline","18","まず、公開されているCSVファイルからデータを取得しました。次に、欠損値や異常値を確認し、欠損値は平均値で補完し、異常値は除外しました。その後、PythonのPandasライブラリを使ってデータを整理し、必要な列だけを抽出しました。最後に、統計分析と可視化を行い、傾向を明らかにしました。"
"data_pipeline","19","データは社内の販売システムからSQLを使って取得しました。欠損値は平均値で補完し、異常値は箱ひげ図を用いて検出・除去しました。PythonのPandasでデータを整形し、重複データを削除しました。分析には回帰分析とクラスタリングを用いて、顧客の購買傾向を明らかにしました。結果はExcelとTableauで可視化しました。"
"data_pipeline","20","データは社内の販売システムからSQLを使って取得しました。取得後、欠損値と異常値をPythonのPandasで確認し、欠損値は中央値で補完しました。次に、データの正規化を行い、特徴量エンジニアリングとして売上日から曜日や季節の情報を追加しました。最後に、Scikit-learnで線形回帰モデルを作成し、交差検証を使って精度を評価しました。"
"questions_answers","01","このグラフの傾向から、どんな結論が導けますか？このデータは売上が季節によって大きく変わることを示しており、夏に最も高くなる傾向があります。"
"questions_answers","02","このグラフのデータはどの期間のものですか？このグラフは2023年の1月から12月までのデータを示しています。"
"questions_answers","03","このグラフのピークは何を意味していますか？ピークは売上が最も高かった期間を示しており、キャンペーンの効果が現れたと考えられます。"
"questions_answers","04","このグラフのデータから、売上が増えた理由は何ですか？主に新しいマーケティング戦略と季節的な需要の増加が影響しています。"
"questions_answers","05","このグラフで一番重要な傾向は何ですか？売上は春から夏にかけて増加し、秋に減少するのが一番の傾向です。"
"questions_answers","06","このグラフで売上が急に増えた原因は何ですか？新しい広告キャンペーンを始めたことが売上増加の主な理由です。"
"questions_answers","07","このグラフのピークはどの時期を示していますか？このピークは2023年の夏、特に7月から8月にかけての売上増加を示しています。"
"questions_answers","08","このグラフで、一番売上が多い月はどれですか？一番売上が多いのは七月で、夏のキャンペーンが効果的だったと考えられます。"
"questions_answers","09","このグラフのデータはどの期間から集めたものですか？このデータは2022年の1月から12月までの1年間にわたって収集しました。"
"questions_answers","10","このグラフの売上が急に伸びた理由は何ですか？新商品のキャンペーンが始まった時期と一致しているため、宣伝効果だと考えられます。"
"questions_answers","11","このグラフの急激な上昇の原因は何ですか？新製品の発売により売上が大幅に増えたためです。"
"questions_answers","12","このグラフの季節変動の理由は何ですか？主に夏に売上が増えるため、季節ごとの気温変化が影響しています。"
"questions_answers","13","このグラフの結果から、どの要因が売上に最も影響を与えていると考えられますか？広告費の増加が売上に最も大きな影響を与えていると分析しています。"
"questions_answers","14","このグラフのデータはどの期間を表していますか？このグラフは2020年から2023年までの売上データを示しています。"
"questions_answers","15","このグラフの売上データはどの期間を示していますか？これは2023年の1月から12月までの月ごとの売上データです。"
"questions_answers","16","このグラフのデータはどの期間を示していますか？このグラフは2022年の1月から12月までのデータを使っています。"
"questions_answers","17","このデータのグラフで、売上が急増した理由は何ですか？新商品の発売と広告キャンペーンが売上の急増に大きく影響しました。"
"questions_answers","18","このグラフの傾向から、売上が増えた主な理由は何ですか？プロモーション活動の強化と新商品の投入が売上増加に大きく貢献しています。"
"questions_answers","19","このグラフからどんな傾向が見えますか？売上は春から夏にかけて増加し、秋に少し減少する傾向があります。"
"questions_answers","20","このグラフの売上が去年より減った理由は何ですか？主に市場の需要が減少したことと、競合他社の新製品が影響しています。"
